userId,count
2592,157
1180,148
4161,147
4577,133
3736,125
4765,117
4931,117
818,114
1890,112
2638,111
1139,109
1338,107
156,103
3889,102
3308,102
4517,101
2225,100
4456,99
2884,98
989,95
4299,95
492,94
1616,93
2468,93
1837,91
4624,87
2200,85
180,83
837,79
1263,77
4698,74
3980,74
3522,74
2756,72
4981,72
1457,71
2839,70
2686,70
362,70
1009,68
3348,67
1432,66
2533,66
4947,66
141,66
2475,65
1293,65
59,64
4563,64
2087,64
130,63
2222,63
3416,63
997,62
2744,62
1196,62
1416,61
4553,60
571,60
3808,59
3520,58
4188,57
28,55
4270,55
3955,53
4356,53
1266,51
421,51
108,51
4385,49
3755,49
1086,48
3212,48
1558,47
1984,46
4215,45
3720,42
3741,42
25,41
3265,41
3670,40
4845,39
2264,38
4801,38
3077,37
4482,37
2238,36
4468,36
635,34
2910,34
2096,34
348,33
2719,33
3995,33
2490,32
2146,32
278,32
3595,31
1745,31
2371,30
4764,30
4136,30
1503,30
1877,29
2873,28
3480,28
2393,27
1728,27
502,27
4710,27
1111,26
2453,26
480,26
355,25
4267,24
3195,24
1016,24
839,24
501,24
2687,24
834,24
4155,24
3541,23
4508,23
4919,23
3628,23
1324,23
1814,22
2386,22
701,22
203,21
3899,21
363,21
812,21
1304,20
3733,20
2692,20
3233,19
4055,19
3231,19
617,18
1268,18
945,18
3675,18
2857,18
1548,18
4097,18
471,17
3065,17
2358,17
161,17
4818,16
2840,16
88,16
1810,16
1609,16
2930,15
938,15
1656,15
1507,15
760,15
2714,14
2493,14
1437,14
3318,14
2559,14
3990,14
1135,13
649,13
1633,13
2122,13
958,13
3362,13
2125,13
1019,13
192,13
1089,12
4867,12
1551,12
2520,12
694,12
1465,12
2043,12
430,12
3235,12
648,12
2366,12
1522,12
3412,12
3973,12
4594,11
2129,11
3325,11
3058,11
3801,11
3137,11
390,11
3274,11
1129,11
2053,11
1778,11
2950,11
2065,11
956,11
572,11
1425,10
3299,10
3468,10
2426,10
4158,10
4445,10
4926,10
741,10
1996,10
3612,10
4424,10
642,10
67,10
2876,10
2777,10
1948,10
127,10
2063,10
732,10
4500,10
4629,10
935,10
829,9
3875,9
886,9
3863,9
3378,9
670,9
4539,9
3149,9
3511,9
3930,9
4257,9
3585,9
1564,9
3178,9
1122,9
3634,9
4335,9
1937,9
3124,9
4674,9
3784,9
2659,9
3051,9
2651,9
4804,9
2054,9
3042,9
3780,9
2980,8
2951,8
2407,8
3978,8
4235,8
712,8
1906,8
1549,8
1039,8
2766,8
218,8
1046,8
4865,8
1402,8
1654,8
2976,8
1468,8
1955,8
3238,8
3870,8
893,8
3206,8
1748,8
3700,8
4259,8
4724,8
911,8
4103,8
2381,8
3291,8
3221,8
4331,8
926,7
2789,7
2628,7
4828,7
3452,7
4925,7
4198,7
733,7
2268,7
26,7
4815,7
4093,7
1668,7
1087,7
3639,7
1883,7
3152,7
1426,7
2675,7
4732,7
2608,7
3217,7
399,7
1174,7
1960,7
3011,7
3254,7
3434,7
1807,7
4050,7
1279,7
2301,7
661,7
4529,7
4442,7
2874,7
1493,7
4538,7
3198,7
2464,7
2817,7
3465,7
3556,7
2367,7
3187,6
3914,6
1215,6
4117,6
692,6
1054,6
184,6
1804,6
973,6
4418,6
2588,6
3310,6
2037,6
4399,6
3724,6
2123,6
2448,6
2077,6
2723,6
274,6
1822,6
3939,6
842,6
4847,6
4313,6
4525,6
3816,6
2494,6
702,6
1391,6
1385,6
4202,6
3122,6
1815,6
193,6
1578,6
665,6
832,6
366,6
1081,6
3016,6
79,6
358,6
4634,6
3602,6
420,6
4747,6
3263,6
1401,6
2404,6
1417,6
4753,6
2525,6
4375,6
2732,6
1235,6
3379,6
2802,6
4404,6
2661,6
729,6
2614,6
870,5
7,5
851,5
1207,5
4786,5
3814,5
3833,5
3447,5
951,5
3358,5
1636,5
1058,5
4879,5
3633,5
3624,5
3092,5
1865,5
2481,5
2900,5
2473,5
1786,5
1288,5
2459,5
3871,5
3563,5
1871,5
3082,5
2328,5
3456,5
4483,5
725,5
2955,5
1969,5
860,5
4524,5
2663,5
803,5
3768,5
3632,5
1896,5
325,5
3086,5
1862,5
1894,5
3023,5
2291,5
2298,5
400,5
339,5
3776,5
2880,5
3290,5
4426,5
129,5
2273,5
1409,5
2838,5
2117,5
4180,5
3920,5
1159,5
1987,5
2799,5
3933,5
2026,5
4247,5
3000,5
2060,5
1828,5
245,5
4248,5
1680,5
24,5
2722,5
2517,5
3762,5
675,4
1265,4
2888,4
740,4
3250,4
1686,4
1236,4
2020,4
11,4
2863,4
1735,4
4573,4
3794,4
4951,4
4199,4
2580,4
2703,4
1783,4
749,4
2319,4
3958,4
4570,4
1782,4
2183,4
4954,4
4759,4
3905,4
684,4
2537,4
1137,4
4992,4
4208,4
3039,4
4116,4
4137,4
341,4
4964,4
537,4
2809,4
3910,4
1356,4
2485,4
3915,4
1066,4
319,4
1237,4
4916,4
3022,4
819,4
2629,4
2658,4
1682,4
827,4
3734,4
3322,4
4412,4
2119,4
4507,4
1561,4
2986,4
1127,4
623,4
3835,4
515,4
2617,4
2855,4
346,4
4351,4
186,4
1220,4
2754,4
1095,4
2622,4
3686,4
397,4
36,4
4386,4
2583,4
3708,4
1115,4
1614,4
4691,4
2316,4
1118,4
74,4
1761,4
1142,4
1781,4
196,4
4052,4
2972,4
664,4
2780,4
1779,4
4229,4
317,4
419,4
3927,4
3148,4
2048,4
4976,4
4792,4
1052,4
2140,4
1337,4
4640,4
1053,4
1734,4
3599,4
2621,4
3473,4
3874,4
1693,4
3832,4
531,4
1120,4
3681,4
4029,4
4462,4
294,4
3344,4
4861,4
3677,4
463,4
3345,4
4499,4
705,4
1542,4
3363,4
2585,4
3754,4
2907,4
367,4
467,3
1104,3
2144,3
1377,3
1496,3
625,3
4969,3
3406,3
4977,3
4366,3
4200,3
1300,3
1678,3
2164,3
3807,3
479,3
888,3
813,3
4343,3
1941,3
1357,3
634,3
3126,3
4852,3
1004,3
1375,3
4506,3
1637,3
2660,3
2206,3
1250,3
4576,3
2711,3
4461,3
3721,3
1854,3
1835,3
1208,3
4521,3
4635,3
2599,3
4173,3
2163,3
4374,3
1771,3
2859,3
4945,3
2243,3
297,3
190,3
4228,3
4778,3
3840,3
1471,3
4322,3
4062,3
4091,3
1179,3
4454,3
2023,3
1173,3
2133,3
316,3
1332,3
838,3
4545,3
4528,3
513,3
806,3
4515,3
237,3
472,3
1474,3
1229,3
4687,3
4043,3
4832,3
4671,3
2042,3
1330,3
2822,3
3324,3
3620,3
2195,3
3260,3
2990,3
791,3
4649,3
1156,3
2276,3
1001,3
451,3
3266,3
1445,3
3145,3
3395,3
4974,3
8,3
4112,3
1334,3
4365,3
4204,3
2277,3
1071,3
3558,3
4961,3
761,3
2734,3
5001,3
140,3
4036,3
620,3
2787,3
2237,3
1301,3
4022,3
95,3
4746,3
805,3
4353,3
1291,3
1886,3
4398,3
1080,3
1035,3
2074,3
3820,3
2032,3
4149,3
1132,3
646,3
4433,3
2230,3
599,3
3596,3
3647,3
2104,3
3014,3
3384,3
2662,3
65,3
689,3
3998,3
2248,3
4142,3
1553,3
4443,3
368,3
2704,3
3966,3
3798,3
3688,3
2818,3
4997,3
3167,2
3740,2
3489,2
3546,2
3597,2
3316,2
966,2
1747,2
4271,2
2610,2
3509,2
3770,2
933,2
1721,2
1191,2
3809,2
4714,2
850,2
1648,2
4138,2
1610,2
2091,2
1898,2
3296,2
3600,2
2351,2
1254,2
2258,2
4295,2
3125,2
2612,2
61,2
4489,2
3640,2
4644,2
2690,2
4552,2
716,2
2673,2
2971,2
207,2
4555,2
2997,2
525,2
2940,2
798,2
3159,2
4192,2
3420,2
4347,2
1378,2
604,2
1785,2
578,2
354,2
4063,2
4641,2
4924,2
2287,2
4780,2
263,2
4238,2
1839,2
754,2
1206,2
1994,2
231,2
4636,2
414,2
1674,2
2279,2
816,2
4783,2
3085,2
3475,2
3589,2
4625,2
2804,2
3394,2
4820,2
1907,2
4326,2
3830,2
4910,2
4274,2
2783,2
357,2
2924,2
3214,2
3481,2
235,2
2999,2
225,2
1720,2
3401,2
4872,2
630,2
1094,2
3413,2
3853,2
182,2
2137,2
4718,2
651,2
767,2
2883,2
1913,2
3604,2
2518,2
529,2
1154,2
3448,2
340,2
693,2
145,2
4604,2
522,2
1691,2
3033,2
1767,2
3414,2
4032,2
3606,2
2110,2
1528,2
4276,2
1349,2
470,2
282,2
714,2
4403,2
3884,2
4864,2
1793,2
138,2
788,2
2180,2
3646,2
1729,2
4015,2
584,2
3466,2
2126,2
2188,2
1296,2
4701,2
2774,2
3084,2
3879,2
3105,2
3279,2
1133,2
1519,2
3283,2
2097,2
3931,2
815,2
359,2
453,2
4590,2
3252,2
3139,2
1777,2
4014,2
1639,2
1433,2
2981,2
268,2
1130,2
4352,2
2102,2
4416,2
967,2
1935,2
1382,2
4502,2
4960,2
1234,2
404,2
345,2
1396,2
4900,2
723,2
1951,2
1231,2
2584,2
2410,2
3273,2
3094,2
3818,2
115,2
1442,2
3256,2
3397,2
1209,2
3332,2
615,2
2872,2
4897,2
1973,2
877,2
3859,2
3169,2
794,2
4143,2
1980,2
2070,2
2445,2
3127,2
1732,2
562,2
4658,2
2147,2
2434,2
1342,2
1731,2
3100,2
2440,2
1423,2
4432,2
3461,2
4591,2
3775,2
1993,2
4413,2
696,2
4597,2
3854,2
1103,2
4435,2
4592,2
4486,2
4460,2
2372,2
2207,2
3829,2
1517,2
3942,2
3155,2
3133,2
1341,2
655,2
2901,2
3223,2
4316,2
3974,2
918,2
3419,2
3715,2
1251,2
4937,1
3441,1
3826,1
1746,1
3312,1
1903,1
4189,1
2139,1
3107,1
3922,1
4631,1
446,1
3615,1
2447,1
4182,1
4341,1
4593,1
389,1
1938,1
559,1
2708,1
4896,1
22,1
570,1
3649,1
3106,1
188,1
4217,1
3947,1
4388,1
3463,1
3904,1
3729,1
4175,1
826,1
2845,1
2935,1
1554,1
3760,1
801,1
770,1
2512,1
4891,1
1540,1
932,1
1857,1
2449,1
347,1
439,1
3921,1
533,1
2293,1
3237,1
2869,1
3390,1
885,1
4605,1
4999,1
3761,1
1716,1
1461,1
1817,1
373,1
3083,1
44,1
1547,1
2261,1
2175,1
2259,1
519,1
2132,1
783,1
2858,1
3502,1
1155,1
465,1
3356,1
1867,1
3986,1
1281,1
1376,1
1952,1
4219,1
1666,1
2064,1
4890,1
2103,1
603,1
1661,1
3005,1
3484,1
607,1
3510,1
4287,1
1325,1
39,1
2208,1
4497,1
62,1
3554,1
618,1
3635,1
721,1
4504,1
14,1
66,1
2527,1
151,1
3045,1
4952,1
1102,1
3845,1
4072,1
460,1
1928,1
2647,1
2509,1
920,1
2040,1
2296,1
3093,1
3959,1
1870,1
2034,1
4315,1
975,1
3365,1
4408,1
2964,1
3280,1
2545,1
1412,1
4564,1
4369,1
2272,1
2443,1
4862,1
1483,1
4059,1
4476,1
710,1
4953,1
1931,1
541,1
3988,1
2738,1
4131,1
2791,1
3642,1
1530,1
1932,1
1821,1
2309,1
1971,1
3080,1
2005,1
1074,1
183,1
4363,1
2765,1
3181,1
3747,1
71,1
2821,1
1371,1
98,1
902,1
372,1
3860,1
1076,1
3328,1
527,1
4806,1
4878,1
4371,1
1260,1
3837,1
3307,1
2741,1
1030,1
4013,1
3946,1
2841,1
3892,1
1901,1
476,1
619,1
2803,1
4458,1
2892,1
4030,1
3609,1
4273,1
1769,1
1453,1
3997,1
889,1
3021,1
876,1
3038,1
2342,1
802,1
328,1
904,1
2280,1
3046,1
1541,1
3061,1
1147,1
978,1
413,1
2038,1
1825,1
1472,1
1685,1
4231,1
4290,1
4616,1
4285,1
1247,1
822,1
2636,1
914,1
3185,1
292,1
288,1
1170,1
1700,1
1889,1
2716,1
1326,1
2256,1
4494,1
1399,1
576,1
929,1
3099,1
1925,1
2743,1
204,1
540,1
1582,1
3564,1
4943,1
2082,1
2606,1
4574,1
4637,1
3834,1
3525,1
2052,1
547,1
922,1
4536,1
4523,1
1529,1
538,1
2331,1
1780,1
4048,1
1065,1
2830,1
4705,1
4586,1
3143,1
4544,1
3543,1
2364,1
4831,1
1211,1
3664,1
2721,1
2941,1
3293,1
2568,1
2409,1
2229,1
4332,1
3432,1
312,1
752,1
4419,1
795,1
1233,1
3297,1
1029,1
4881,1
417,1
4492,1
1687,1
2598,1
4027,1
602,1
1026,1
2469,1
1121,1
1164,1
91,1
4918,1
2239,1
2226,1
3070,1
1055,1
1047,1
4688,1
3937,1
1586,1
2698,1
3477,1
2153,1
2194,1
370,1
3977,1
504,1
4744,1
3215,1
57,1
2203,1
4005,1
4761,1
4377,1
699,1
